,normal,during_incident,impact
rps,492.6383509526469,471.4079802569668,-4.309524553787885
error_rate,0.00482923492232083,0.005066729596179831,4.917852986635534
latency_ms,77.93673170074659,72.96697766595224,-6.376651838412595
cpu_usage,0.34901402773475987,0.3504126330823022,0.4007304109292774
memory_usage,0.4502684181048206,0.45178501030405316,0.336819580999239
incident_active,,1.0,
